1,400,https://attack.mitre.org/techniques/T1059/001
2,403,https://attack.mitre.org/techniques/T1059/001
3,9707,https://attack.mitre.org/techniques/T1547/001
5,5137,https://attack.mitre.org/techniques/T1484/001
6,5141,https://attack.mitre.org/techniques/T1484/001
7,5137,https://attack.mitre.org/techniques/T1484/002
21,4625,https://attack.mitre.org/techniques/T1110/001
22,4625,https://attack.mitre.org/techniques/T1110/002
23,4625,https://attack.mitre.org/techniques/T1110/003
24,4625,https://attack.mitre.org/techniques/T1110/004
25,4886,https://attack.mitre.org/techniques/T1649
26,4887,https://attack.mitre.org/techniques/T1649
27,4899,https://attack.mitre.org/techniques/T1649
28,4768,https://attack.mitre.org/techniques/T1649
29,4624,https://attack.mitre.org/techniques/T1649
30,4798,https://attack.mitre.org/techniques/T1087/001
31,4798,https://attack.mitre.org/techniques/T1087/002
32,4798,https://attack.mitre.org/techniques/T1069/001
33,4798,https://attack.mitre.org/techniques/T1069/002
34,4624,https://attack.mitre.org/techniques/T1021/001
35,4624,https://attack.mitre.org/techniques/T1021/002
36,23,https://attack.mitre.org/techniques/T1485
63,4624,https://attack.mitre.org/techniques/T1078/002
64,7,https://attack.mitre.org/techniques/T1059/001
65,10,https://attack.mitre.org/techniques/T1059/001
66,4688,https://attack.mitre.org/techniques/T1059/001
70,7,https://attack.mitre.org/techniques/T1059/005
72,106,https://attack.mitre.org/techniques/T1053/002
73,4698,https://attack.mitre.org/techniques/T1053/002
74,4700,https://attack.mitre.org/techniques/T1053/002
75,4701,https://attack.mitre.org/techniques/T1053/002
76,1,https://attack.mitre.org/techniques/T1053/005
77,4688,https://attack.mitre.org/techniques/T1053/005
80,106,https://attack.mitre.org/techniques/T1053/005
81,4698,https://attack.mitre.org/techniques/T1053/005
82,4700,https://attack.mitre.org/techniques/T1053/005
83,4701,https://attack.mitre.org/techniques/T1053/005
85,12,https://attack.mitre.org/techniques/T1053/005
88,11,https://attack.mitre.org/techniques/T1204/002
89,1,https://attack.mitre.org/techniques/T1204/002
90,10,https://attack.mitre.org/techniques/T1047
91,4688,https://attack.mitre.org/techniques/T1047
92,1,https://attack.mitre.org/techniques/T1197
93,4688,https://attack.mitre.org/techniques/T1197
97,4720,https://attack.mitre.org/techniques/T1136/001
98,4720,https://attack.mitre.org/techniques/T1136/002
99,6,https://attack.mitre.org/techniques/T1543/003
101,1,https://attack.mitre.org/techniques/T1543/003
102,4688,https://attack.mitre.org/techniques/T1543/003
103,4697,https://attack.mitre.org/techniques/T1543/003
104,7045,https://attack.mitre.org/techniques/T1543/003
107,13,https://attack.mitre.org/techniques/T1543/003
110,12,https://attack.mitre.org/techniques/T1543/003
114,14,https://attack.mitre.org/techniques/T1543/003
115,13,https://attack.mitre.org/techniques/T1546/002
116,11,https://attack.mitre.org/techniques/T1546/002
117,4663,https://attack.mitre.org/techniques/T1546/002
118,1,https://attack.mitre.org/techniques/T1546/002
119,3,https://attack.mitre.org/techniques/T1546/002
122,4688,https://attack.mitre.org/techniques/T1546/003
123,1,https://attack.mitre.org/techniques/T1546/003
124,5861,https://attack.mitre.org/techniques/T1546/003
125,4104,https://attack.mitre.org/techniques/T1546/008
126,1,https://attack.mitre.org/techniques/T1546/008
128,4688,https://attack.mitre.org/techniques/T1546/008
129,1,https://attack.mitre.org/techniques/T1546/010
130,4688,https://attack.mitre.org/techniques/T1546/010
131,12,https://attack.mitre.org/techniques/T1546/010
132,13,https://attack.mitre.org/techniques/T1546/010
133,14,https://attack.mitre.org/techniques/T1546/010
134,4104,https://attack.mitre.org/techniques/T1546/015
135,12,https://attack.mitre.org/techniques/T1546/015
136,13,https://attack.mitre.org/techniques/T1546/015
137,14,https://attack.mitre.org/techniques/T1546/015
138,501,https://attack.mitre.org/techniques/T1556/007
156,12,https://attack.mitre.org/techniques/T1548/002
157,13,https://attack.mitre.org/techniques/T1548/002
158,14,https://attack.mitre.org/techniques/T1548/002
202,6,https://attack.mitre.org/techniques/T1068
203,1,https://attack.mitre.org/techniques/T1068
204,4688,https://attack.mitre.org/techniques/T1068
231,1,https://attack.mitre.org/techniques/T1140
232,4688,https://attack.mitre.org/techniques/T1140
238,4670,https://attack.mitre.org/techniques/T1222/001
241,4719,https://attack.mitre.org/techniques/T1222/001
243,16,https://attack.mitre.org/techniques/T1562/006
244,400,https://attack.mitre.org/techniques/T1562/010
245,4104,https://attack.mitre.org/techniques/T1070/001
246,1102,https://attack.mitre.org/techniques/T1070/001
247,1,https://attack.mitre.org/techniques/T1070/003
248,4688,https://attack.mitre.org/techniques/T1070/003
249,4103,https://attack.mitre.org/techniques/T1070/003
250,23,https://attack.mitre.org/techniques/T1070/003
251,4663,https://attack.mitre.org/techniques/T1070/003
258,4670,https://attack.mitre.org/techniques/T1070/003
263,1,https://attack.mitre.org/techniques/T1070/005
264,4688,https://attack.mitre.org/techniques/T1070/005
267,4726,https://attack.mitre.org/techniques/T1070/009
268,4663,https://attack.mitre.org/techniques/T1036/003
270,1,https://attack.mitre.org/techniques/T1112
271,4688,https://attack.mitre.org/techniques/T1112
276,4657,https://attack.mitre.org/techniques/T1112
277,81,https://attack.mitre.org/techniques/T1553/003
278,3033,https://attack.mitre.org/techniques/T1553/003
279,1,https://attack.mitre.org/techniques/T1218/001
280,4688,https://attack.mitre.org/techniques/T1218/001
283,4104,https://attack.mitre.org/techniques/T1218/003
284,1,https://attack.mitre.org/techniques/T1218/003
285,4688,https://attack.mitre.org/techniques/T1218/003
288,1,https://attack.mitre.org/techniques/T1218/010
289,4688,https://attack.mitre.org/techniques/T1218/010
294,1,https://attack.mitre.org/techniques/T1218/011
295,4688,https://attack.mitre.org/techniques/T1218/011
296,10,https://attack.mitre.org/techniques/T1218/011
298,4769,https://attack.mitre.org/techniques/T1550/003
305,4771,https://attack.mitre.org/techniques/T1110/003
306,4648,https://attack.mitre.org/techniques/T1110/003
310,4104,https://attack.mitre.org/techniques/T1003/001
311,10,https://attack.mitre.org/techniques/T1003/001
317,4688,https://attack.mitre.org/techniques/T1003/001
327,4769,https://attack.mitre.org/techniques/T1558/001
328,4624,https://attack.mitre.org/techniques/T1558/001
329,4624,https://attack.mitre.org/techniques/T1558/002
330,4769,https://attack.mitre.org/techniques/T1558/003
331,4768,https://attack.mitre.org/techniques/T1558/004
333,10,https://attack.mitre.org/techniques/T1087/001
334,4688,https://attack.mitre.org/techniques/T1087/001
336,4103,https://attack.mitre.org/techniques/T1010
339,1,https://attack.mitre.org/techniques/T1010
340,4688,https://attack.mitre.org/techniques/T1010
343,4661,https://attack.mitre.org/techniques/T1615
345,1,https://attack.mitre.org/techniques/T1069/001
346,4688,https://attack.mitre.org/techniques/T1069/001
350,10,https://attack.mitre.org/techniques/T1069/002
351,4688,https://attack.mitre.org/techniques/T1069/002
352,4103,https://attack.mitre.org/techniques/T1012
355,1,https://attack.mitre.org/techniques/T1012
356,4688,https://attack.mitre.org/techniques/T1012
372,4663,https://attack.mitre.org/techniques/T1012
373,4656,https://attack.mitre.org/techniques/T1012
374,4104,https://attack.mitre.org/techniques/T1518/001
375,1024,https://attack.mitre.org/techniques/T1049
376,4104,https://attack.mitre.org/techniques/T1033
377,1,https://attack.mitre.org/techniques/T1033
378,4688,https://attack.mitre.org/techniques/T1033
381,1,https://attack.mitre.org/techniques/T1007
382,4688,https://attack.mitre.org/techniques/T1007
388,4104,https://attack.mitre.org/techniques/T1021/002
391,4726,https://attack.mitre.org/techniques/T1531
392,4723,https://attack.mitre.org/techniques/T1531
393,4724,https://attack.mitre.org/techniques/T1531
394,4725,https://attack.mitre.org/techniques/T1531
396,524,https://attack.mitre.org/techniques/T1490
397,7040,https://attack.mitre.org/techniques/T1490
398,1074,https://attack.mitre.org/techniques/T1529
